{"initial_reset_timestamp": 1598032546.707934, "timestamps": [1598032547.8789856, 1598032551.3771818, 1598032554.1478028, 1598032554.6455767, 1598032557.1313474, 1598032559.6523714, 1598032563.2528474, 1598032564.661898, 1598032569.5150242, 1598032572.925433], "episode_lengths": [24, 136, 155, 27, 137, 137, 200, 82, 200, 185], "episode_rewards": [24.0, 136.0, 155.0, 27.0, 137.0, 137.0, 200.0, 82.0, 200.0, 185.0], "episode_types": ["t", "t", "t", "t", "t", "t", "t", "t", "t", "t"]}