{"initial_reset_timestamp": 1597723063.3309731, "timestamps": [1597723065.4728825, 1597723067.1123114, 1597723067.3309047, 1597723067.5213065, 1597723067.7253232, 1597723067.9247472, 1597723068.1192102, 1597723068.3109937, 1597723069.8629963, 1597723070.0890925], "episode_lengths": [200, 200, 200, 200, 200, 200, 200, 200, 200, 200], "episode_rewards": [200.0, 200.0, 200.0, 200.0, 200.0, 200.0, 200.0, 200.0, 200.0, 200.0], "episode_types": ["t", "t", "t", "t", "t", "t", "t", "t", "t", "t"]}