{"initial_reset_timestamp": 1597358082.5720596, "timestamps": [1597358084.6117973, 1597358086.0021868, 1597358086.2005763, 1597358086.3610806, 1597358086.5392497, 1597358086.7119746, 1597358086.886916, 1597358087.044795, 1597358088.4354558, 1597358088.6267936], "episode_lengths": [181, 167, 165, 166, 186, 171, 179, 169, 172, 162], "episode_rewards": [181.0, 167.0, 165.0, 166.0, 186.0, 171.0, 179.0, 169.0, 172.0, 162.0], "episode_types": ["t", "t", "t", "t", "t", "t", "t", "t", "t", "t"]}