{"initial_reset_timestamp": 1601364379.298885, "timestamps": [1601364384.9603653, 1601364389.9964726, 1601364393.7039335, 1601364397.303818, 1601364400.821691, 1601364404.4014523, 1601364407.9307978, 1601364411.3917227, 1601364416.3509798, 1601364420.2549605], "episode_lengths": [200, 200, 200, 200, 200, 200, 200, 200, 200, 200], "episode_rewards": [200.0, 200.0, 200.0, 200.0, 200.0, 200.0, 200.0, 200.0, 200.0, 200.0], "episode_types": ["t", "t", "t", "t", "t", "t", "t", "t", "t", "t"]}