{"initial_reset_timestamp": 1598384188.4349825, "timestamps": [1598384189.9242795, 1598384191.08641, 1598384191.1911588, 1598384191.2639925, 1598384191.3255117, 1598384191.3984156, 1598384191.4725704, 1598384191.545076, 1598384192.9268224, 1598384193.0341258, 1598384193.1110475, 1598384193.1321454, 1598384193.214675, 1598384193.294468, 1598384193.3739848, 1598384193.4512718, 1598384193.5370724, 1598384193.61656, 1598384193.6474469, 1598384193.6661139, 1598384193.738846, 1598384193.8212683, 1598384193.9017193, 1598384194.0260878, 1598384194.1084592, 1598384194.1812367, 1598384194.2590044, 1598384195.6828327, 1598384195.8055768, 1598384195.9054391, 1598384195.987111, 1598384196.0675554, 1598384196.1291418, 1598384196.2128289, 1598384196.2876754, 1598384196.3687449, 1598384196.4522314, 1598384196.5307562, 1598384196.605752, 1598384196.6192923, 1598384196.6966667, 1598384196.7888117, 1598384196.8246393, 1598384196.9061077, 1598384196.983082, 1598384197.0593126, 1598384197.134649, 1598384197.1790268, 1598384197.2763069, 1598384197.3639905, 1598384197.4543238, 1598384197.5365815, 1598384197.6104884, 1598384197.6842794, 1598384197.7592394, 1598384197.8363917, 1598384197.9126086, 1598384197.9979088, 1598384198.075613, 1598384198.149979, 1598384198.223568, 1598384198.3060062, 1598384198.3917916, 1598384198.4698734, 1598384199.9123843, 1598384200.0171347, 1598384200.0913684, 1598384200.1649303, 1598384200.2388256, 1598384200.2900102, 1598384200.3666694, 1598384200.4396615, 1598384200.471827, 1598384200.5412507, 1598384200.6141686, 1598384200.689649, 1598384200.757214, 1598384200.7749689, 1598384200.7858667, 1598384200.8544748, 1598384200.9280186, 1598384200.9613214, 1598384201.0354455, 1598384201.1078663, 1598384201.1820712, 1598384201.2585561, 1598384201.33246, 1598384201.4068713, 1598384201.4505918, 1598384201.5244815, 1598384201.5567882, 1598384201.6259396, 1598384201.684445, 1598384201.7572553, 1598384201.8228524, 1598384201.898154, 1598384201.9714339, 1598384202.045359, 1598384202.1189334, 1598384202.2089455], "episode_lengths": [98, 160, 200, 200, 168, 200, 200, 200, 200, 200, 200, 52, 200, 200, 200, 200, 200, 200, 85, 52, 200, 200, 200, 200, 200, 200, 200, 200, 200, 200, 200, 200, 151, 200, 200, 200, 200, 200, 200, 37, 200, 200, 88, 200, 200, 200, 200, 115, 200, 200, 200, 189, 200, 200, 200, 200, 200, 200, 200, 200, 200, 200, 200, 200, 200, 200, 200, 200, 200, 140, 200, 200, 84, 188, 200, 200, 171, 39, 24, 145, 200, 91, 200, 200, 200, 200, 200, 200, 117, 200, 93, 200, 169, 200, 177, 200, 200, 200, 200, 200], "episode_rewards": [98.0, 160.0, 200.0, 200.0, 168.0, 200.0, 200.0, 200.0, 200.0, 200.0, 200.0, 52.0, 200.0, 200.0, 200.0, 200.0, 200.0, 200.0, 85.0, 52.0, 200.0, 200.0, 200.0, 200.0, 200.0, 200.0, 200.0, 200.0, 200.0, 200.0, 200.0, 200.0, 151.0, 200.0, 200.0, 200.0, 200.0, 200.0, 200.0, 37.0, 200.0, 200.0, 88.0, 200.0, 200.0, 200.0, 200.0, 115.0, 200.0, 200.0, 200.0, 189.0, 200.0, 200.0, 200.0, 200.0, 200.0, 200.0, 200.0, 200.0, 200.0, 200.0, 200.0, 200.0, 200.0, 200.0, 200.0, 200.0, 200.0, 140.0, 200.0, 200.0, 84.0, 188.0, 200.0, 200.0, 171.0, 39.0, 24.0, 145.0, 200.0, 91.0, 200.0, 200.0, 200.0, 200.0, 200.0, 200.0, 117.0, 200.0, 93.0, 200.0, 169.0, 200.0, 177.0, 200.0, 200.0, 200.0, 200.0, 200.0], "episode_types": ["t", "t", "t", "t", "t", "t", "t", "t", "t", "t", "t", "t", "t", "t", "t", "t", "t", "t", "t", "t", "t", "t", "t", "t", "t", "t", "t", "t", "t", "t", "t", "t", "t", "t", "t", "t", "t", "t", "t", "t", "t", "t", "t", "t", "t", "t", "t", "t", "t", "t", "t", "t", "t", "t", "t", "t", "t", "t", "t", "t", "t", "t", "t", "t", "t", "t", "t", "t", "t", "t", "t", "t", "t", "t", "t", "t", "t", "t", "t", "t", "t", "t", "t", "t", "t", "t", "t", "t", "t", "t", "t", "t", "t", "t", "t", "t", "t", "t", "t", "t"]}