{"initial_reset_timestamp": 1598420914.2782364, "timestamps": [1598420916.4439216, 1598420918.123117, 1598420918.3228917, 1598420918.4796085, 1598420918.6107886, 1598420918.7791138, 1598420918.963271, 1598420919.1530464, 1598420920.9168658, 1598420921.1310754, 1598420921.2447195, 1598420921.3957472, 1598420921.5588331, 1598420921.7324624, 1598420921.7755167, 1598420921.9414518, 1598420922.1195846, 1598420922.3235967, 1598420922.5039945, 1598420922.6932118, 1598420922.8457267, 1598420923.0504673, 1598420923.2127893, 1598420923.3970916, 1598420923.6097646, 1598420923.7625751, 1598420923.941431, 1598420925.722936, 1598420925.9301753, 1598420926.084303, 1598420926.3038898, 1598420926.490962, 1598420926.649675, 1598420926.780564, 1598420926.9658024, 1598420927.129472, 1598420927.2798395, 1598420927.443198, 1598420927.6181474, 1598420927.8076694, 1598420927.9934316, 1598420928.1586194, 1598420928.259582, 1598420928.4092674, 1598420928.5658226, 1598420928.7445438, 1598420928.9003627, 1598420929.0986195, 1598420929.2651367, 1598420929.4429224, 1598420929.6204295, 1598420929.7871099, 1598420929.9642756, 1598420930.089476, 1598420930.261902, 1598420930.3974977, 1598420930.5784283, 1598420930.748538, 1598420930.8878148, 1598420931.0764894, 1598420931.2562153, 1598420931.4504988, 1598420931.646264, 1598420931.8398292, 1598420933.5805438, 1598420933.8077474, 1598420934.0210094, 1598420934.2267032, 1598420934.3600678, 1598420934.5388136, 1598420934.729563, 1598420934.9513273, 1598420935.1132522, 1598420935.3129005, 1598420935.4942691, 1598420935.6982489, 1598420935.8843272, 1598420936.015768, 1598420936.1977777, 1598420936.370955, 1598420936.56656, 1598420936.738231, 1598420936.9076726, 1598420937.0919452, 1598420937.2491162, 1598420937.432578, 1598420937.5980148, 1598420937.7812107, 1598420937.9617834, 1598420938.158847, 1598420938.3365376, 1598420938.523223, 1598420938.7221937, 1598420938.9176316, 1598420939.0434966, 1598420939.2257016, 1598420939.362439, 1598420939.532785, 1598420939.70889, 1598420939.8767328], "episode_lengths": [187, 200, 200, 200, 167, 200, 200, 200, 200, 200, 126, 200, 200, 200, 45, 200, 200, 178, 200, 200, 200, 200, 171, 200, 200, 148, 200, 200, 191, 158, 199, 200, 200, 145, 200, 200, 162, 200, 200, 200, 200, 200, 114, 200, 200, 200, 193, 200, 200, 200, 200, 200, 200, 132, 199, 143, 200, 200, 169, 200, 200, 200, 200, 200, 200, 200, 200, 200, 143, 200, 200, 200, 200, 200, 200, 200, 200, 116, 200, 200, 200, 192, 200, 200, 200, 200, 200, 200, 200, 200, 200, 200, 200, 200, 140, 200, 140, 200, 200, 200], "episode_rewards": [187.0, 200.0, 200.0, 200.0, 167.0, 200.0, 200.0, 200.0, 200.0, 200.0, 126.0, 200.0, 200.0, 200.0, 45.0, 200.0, 200.0, 178.0, 200.0, 200.0, 200.0, 200.0, 171.0, 200.0, 200.0, 148.0, 200.0, 200.0, 191.0, 158.0, 199.0, 200.0, 200.0, 145.0, 200.0, 200.0, 162.0, 200.0, 200.0, 200.0, 200.0, 200.0, 114.0, 200.0, 200.0, 200.0, 193.0, 200.0, 200.0, 200.0, 200.0, 200.0, 200.0, 132.0, 199.0, 143.0, 200.0, 200.0, 169.0, 200.0, 200.0, 200.0, 200.0, 200.0, 200.0, 200.0, 200.0, 200.0, 143.0, 200.0, 200.0, 200.0, 200.0, 200.0, 200.0, 200.0, 200.0, 116.0, 200.0, 200.0, 200.0, 192.0, 200.0, 200.0, 200.0, 200.0, 200.0, 200.0, 200.0, 200.0, 200.0, 200.0, 200.0, 200.0, 140.0, 200.0, 140.0, 200.0, 200.0, 200.0], "episode_types": ["t", "t", "t", "t", "t", "t", "t", "t", "t", "t", "t", "t", "t", "t", "t", "t", "t", "t", "t", "t", "t", "t", "t", "t", "t", "t", "t", "t", "t", "t", "t", "t", "t", "t", "t", "t", "t", "t", "t", "t", "t", "t", "t", "t", "t", "t", "t", "t", "t", "t", "t", "t", "t", "t", "t", "t", "t", "t", "t", "t", "t", "t", "t", "t", "t", "t", "t", "t", "t", "t", "t", "t", "t", "t", "t", "t", "t", "t", "t", "t", "t", "t", "t", "t", "t", "t", "t", "t", "t", "t", "t", "t", "t", "t", "t", "t", "t", "t", "t", "t"]}