{"initial_reset_timestamp": 1598072928.8824036, "timestamps": [1598072930.1254094, 1598072930.8204143, 1598072931.641305, 1598072932.6021848, 1598072933.7465231, 1598072934.507499, 1598072935.231595, 1598072935.7528877, 1598072936.3968394, 1598072937.20267], "episode_lengths": [46, 25, 45, 56, 66, 43, 42, 22, 22, 44], "episode_rewards": [46.0, 25.0, 45.0, 56.0, 66.0, 43.0, 42.0, 22.0, 22.0, 44.0], "episode_types": ["t", "t", "t", "t", "t", "t", "t", "t", "t", "t"]}