{"initial_reset_timestamp": 1598552938.0915265, "timestamps": [1598552943.369241, 1598552948.6098657, 1598552952.7209277, 1598552952.9964635, 1598552953.751539, 1598552954.3011687, 1598552957.093856, 1598552958.8872187, 1598552963.9015684, 1598552966.4293416], "episode_lengths": [200, 200, 200, 14, 40, 30, 142, 95, 200, 138], "episode_rewards": [200.0, 200.0, 200.0, 14.0, 40.0, 30.0, 142.0, 95.0, 200.0, 138.0], "episode_types": ["t", "t", "t", "t", "t", "t", "t", "t", "t", "t"]}