{"initial_reset_timestamp": 1601364509.6055255, "timestamps": [1601364514.8898966, 1601364519.6701462, 1601364522.892683, 1601364526.1855896, 1601364529.4494133, 1601364532.727016, 1601364535.9293122, 1601364539.1750777, 1601364543.6612637, 1601364547.1279595], "episode_lengths": [186, 197, 181, 193, 192, 193, 185, 192, 186, 200], "episode_rewards": [186.0, 197.0, 181.0, 193.0, 192.0, 193.0, 185.0, 192.0, 186.0, 200.0], "episode_types": ["t", "t", "t", "t", "t", "t", "t", "t", "t", "t"]}