{"initial_reset_timestamp": 1596700999.8336549, "timestamps": [1596701004.299432, 1596701006.0081012, 1596701006.0999148, 1596701006.1400716, 1596701006.1790302, 1596701006.2164946, 1596701006.2535608, 1596701006.2906942, 1596701009.6325836, 1596701009.711529, 1596701009.747955, 1596701009.765255, 1596701009.8021655, 1596701009.8218286, 1596701009.858718, 1596701009.895469, 1596701009.932634, 1596701009.9695024, 1596701010.006387, 1596701010.0433168, 1596701010.0802414, 1596701010.1177185, 1596701010.1481564, 1596701010.1848643, 1596701010.2215855, 1596701010.258515, 1596701010.29517, 1596701013.644643, 1596701013.7372215, 1596701013.7753942, 1596701013.813181, 1596701013.8519974, 1596701013.8912728, 1596701013.9311538, 1596701013.9691696, 1596701014.0078812, 1596701014.0511477, 1596701014.0952973, 1596701014.1363297, 1596701014.1748319, 1596701014.21265, 1596701014.2501209, 1596701014.287884, 1596701014.3262568, 1596701014.3647385, 1596701014.403194, 1596701014.4425156, 1596701014.4818816, 1596701014.5211008, 1596701014.5609744, 1596701014.6010027, 1596701014.6398845, 1596701014.6782203, 1596701014.716671, 1596701014.7552485, 1596701014.7944806, 1596701014.8349228, 1596701014.877317, 1596701014.9159117, 1596701014.9547427, 1596701014.9948814, 1596701015.0356145, 1596701015.060663, 1596701015.0985913, 1596701018.4493556, 1596701018.546423, 1596701018.5842588, 1596701018.62127, 1596701018.6605136, 1596701018.7081661, 1596701018.7499712, 1596701018.789048, 1596701018.8271172, 1596701018.8464224, 1596701018.8837752, 1596701018.904211, 1596701018.9457767, 1596701018.9856043, 1596701019.0166135, 1596701019.051052, 1596701019.0883443, 1596701019.1287363, 1596701019.1702468, 1596701019.2111015, 1596701019.2492611, 1596701019.28796, 1596701019.3272715, 1596701019.364367, 1596701019.4017303, 1596701019.416451, 1596701019.45436, 1596701019.4920654, 1596701019.531179, 1596701019.5690331, 1596701019.608261, 1596701019.6485412, 1596701019.688623, 1596701019.7135944, 1596701019.751693, 1596701019.7894552], "episode_lengths": [200, 99, 200, 200, 200, 200, 200, 200, 200, 200, 197, 93, 200, 106, 200, 200, 200, 200, 200, 200, 200, 200, 164, 200, 200, 200, 200, 200, 200, 200, 200, 200, 200, 200, 200, 200, 200, 200, 200, 200, 200, 200, 200, 200, 200, 200, 200, 200, 200, 200, 200, 200, 200, 200, 200, 200, 200, 200, 200, 200, 200, 200, 133, 200, 200, 200, 200, 200, 200, 200, 200, 200, 200, 104, 200, 111, 200, 200, 168, 185, 200, 200, 200, 200, 200, 200, 200, 200, 200, 77, 200, 200, 200, 200, 200, 200, 200, 131, 200, 200], "episode_rewards": [200.0, 99.0, 200.0, 200.0, 200.0, 200.0, 200.0, 200.0, 200.0, 200.0, 197.0, 93.0, 200.0, 106.0, 200.0, 200.0, 200.0, 200.0, 200.0, 200.0, 200.0, 200.0, 164.0, 200.0, 200.0, 200.0, 200.0, 200.0, 200.0, 200.0, 200.0, 200.0, 200.0, 200.0, 200.0, 200.0, 200.0, 200.0, 200.0, 200.0, 200.0, 200.0, 200.0, 200.0, 200.0, 200.0, 200.0, 200.0, 200.0, 200.0, 200.0, 200.0, 200.0, 200.0, 200.0, 200.0, 200.0, 200.0, 200.0, 200.0, 200.0, 200.0, 133.0, 200.0, 200.0, 200.0, 200.0, 200.0, 200.0, 200.0, 200.0, 200.0, 200.0, 104.0, 200.0, 111.0, 200.0, 200.0, 168.0, 185.0, 200.0, 200.0, 200.0, 200.0, 200.0, 200.0, 200.0, 200.0, 200.0, 77.0, 200.0, 200.0, 200.0, 200.0, 200.0, 200.0, 200.0, 131.0, 200.0, 200.0], "episode_types": ["t", "t", "t", "t", "t", "t", "t", "t", "t", "t", "t", "t", "t", "t", "t", "t", "t", "t", "t", "t", "t", "t", "t", "t", "t", "t", "t", "t", "t", "t", "t", "t", "t", "t", "t", "t", "t", "t", "t", "t", "t", "t", "t", "t", "t", "t", "t", "t", "t", "t", "t", "t", "t", "t", "t", "t", "t", "t", "t", "t", "t", "t", "t", "t", "t", "t", "t", "t", "t", "t", "t", "t", "t", "t", "t", "t", "t", "t", "t", "t", "t", "t", "t", "t", "t", "t", "t", "t", "t", "t", "t", "t", "t", "t", "t", "t", "t", "t", "t", "t"]}