{"initial_reset_timestamp": 1599273774.3883882, "timestamps": [1599273798.7188342, 1599273820.1909595, 1599273839.868771, 1599273853.9095664, 1599273875.7108238, 1599273889.6134791, 1599273912.6112196, 1599273926.20521, 1599273959.8817985, 1599273970.7456276], "episode_lengths": [13537, 11801, 14275, 10129, 15888, 10113, 16515, 9449, 18617, 7761], "episode_rewards": [-14.0, -12.0, -12.0, -20.0, -8.0, -17.0, -12.0, -19.0, -4.0, -18.0], "episode_types": ["t", "t", "t", "t", "t", "t", "t", "t", "t", "t"]}