{"initial_reset_timestamp": 1598423288.3782837, "timestamps": [1598423289.6178608, 1598423292.3715413, 1598423292.7174692, 1598423293.0679488, 1598423293.2626693, 1598423293.550018, 1598423293.8990633, 1598423294.1853626, 1598423296.0348885, 1598423296.258512, 1598423296.4439118, 1598423296.7475574, 1598423297.3582792, 1598423297.5006166, 1598423297.8167984, 1598423298.260826, 1598423298.7158382, 1598423299.2896328, 1598423299.427442, 1598423299.5929203, 1598423299.8460498, 1598423300.1045468, 1598423300.2778041, 1598423300.4591286, 1598423300.691355, 1598423300.8767214, 1598423301.2336686, 1598423303.4424899, 1598423303.997134, 1598423304.2205267, 1598423304.4807522, 1598423304.7044766, 1598423304.913286, 1598423305.241961, 1598423305.4773495, 1598423305.6489015, 1598423305.8179827, 1598423305.965607, 1598423306.1360862, 1598423306.4592721, 1598423306.6748507, 1598423306.830257, 1598423307.1512034, 1598423307.3170261, 1598423307.617871, 1598423307.8151634, 1598423307.9550083, 1598423308.380434, 1598423308.582621, 1598423308.8433416, 1598423309.2154994, 1598423309.72387, 1598423310.0147367, 1598423310.177647, 1598423310.6969068, 1598423311.0257947, 1598423311.2162254, 1598423311.9397438, 1598423312.1254663, 1598423312.3126943, 1598423312.5295806, 1598423312.689268, 1598423313.120547, 1598423313.3962564, 1598423314.6119027, 1598423314.8307571, 1598423315.0868409, 1598423315.2616556, 1598423315.5491958, 1598423315.683942, 1598423316.0137258, 1598423316.3924172, 1598423316.8628292, 1598423317.0227325, 1598423317.4409566, 1598423317.7566948, 1598423318.3771677, 1598423319.0234568, 1598423319.5088012, 1598423319.6730285, 1598423320.0353968, 1598423320.1399848, 1598423320.3054206, 1598423320.526107, 1598423320.8775206, 1598423321.1574059, 1598423321.4164283, 1598423321.564654, 1598423321.9406803, 1598423322.1421943, 1598423322.3997881, 1598423322.6233635, 1598423322.8887572, 1598423323.1268716, 1598423323.285692, 1598423323.4031174, 1598423323.675898, 1598423323.947128, 1598423324.2379198, 1598423324.537813], "episode_lengths": [104, 291, 210, 244, 146, 212, 244, 195, 177, 147, 145, 219, 384, 107, 246, 328, 337, 423, 117, 133, 194, 203, 140, 130, 165, 133, 236, 220, 369, 142, 196, 165, 161, 238, 188, 140, 136, 118, 137, 242, 160, 120, 237, 138, 225, 165, 112, 293, 162, 187, 259, 303, 201, 106, 338, 238, 157, 468, 151, 155, 187, 131, 325, 208, 114, 153, 210, 145, 229, 121, 242, 258, 295, 117, 280, 228, 386, 375, 317, 126, 256, 76, 129, 164, 248, 204, 212, 132, 302, 176, 218, 196, 230, 206, 130, 96, 207, 214, 236, 220], "episode_rewards": [46.77213767308041, 256.5316903802237, 263.0639271306974, 251.55146005020939, 4.050487116804817, 249.41801113090736, 247.46392533387564, 270.4636893532247, 251.9811981008579, 35.60497193329877, 36.86842746479445, 275.11268710225545, 199.19485181353622, 46.71341657597165, 250.78866407695963, 238.20394138973006, 179.87993821452812, 188.53147760780914, 10.990245095865305, 36.484130712381216, 297.1505070580249, 260.9726633457926, 26.604308101977878, 47.865004711425314, -25.069287866808693, 32.66440146806221, 264.48813020094605, 248.83456888428438, 182.7718631805397, 25.558670851455545, 266.0266518381583, 16.453632389204543, 24.026081115442096, 249.81071498779127, 34.06246979620977, 50.56347148698228, -24.879637467986157, 18.88381707950562, 26.296073371038418, 250.4072341960975, -7.55220656203953, -10.110716573942398, 260.7067494527494, 37.65086860815137, 272.527509113694, 24.098717002831435, 47.69312669073764, 206.59225950415305, 53.00608194443282, 235.45675340072637, 289.5693136174705, 271.03140200697794, 291.72812147746697, 6.437782239847252, 234.3959886842026, 268.4488067099948, -7.5053863647200245, 198.3714092589787, -7.5419582884204175, -17.813937784565525, 250.4560442191144, 26.235093833871858, 227.6908840729307, 236.08657720731298, 27.319161053587834, -23.422229761299803, 259.3528361920745, 26.80713071029325, 231.90588247085134, -3.3177420603082197, 225.54927403800167, 248.83279486527834, 250.0854726469142, 42.09815156832363, 222.27282688298837, 262.08199264352766, 164.78496995672452, 150.66104083094706, 255.1977293425935, -0.38874117058594493, 282.02427503814494, 10.373701368209268, 1.5046845199251209, 26.317367937928154, 274.9974513648864, 242.28438019396688, 244.2971934658757, 19.868152575723144, 235.0430399484049, 23.962470166913818, 230.8665021624904, 284.8435112138577, 265.59919804486293, 241.57718614744542, 62.6062844507361, 15.490183441742204, 235.61592645660082, 251.96901200970666, 271.4789646141241, 290.5606606273974], "episode_types": ["t", "t", "t", "t", "t", "t", "t", "t", "t", "t", "t", "t", "t", "t", "t", "t", "t", "t", "t", "t", "t", "t", "t", "t", "t", "t", "t", "t", "t", "t", "t", "t", "t", "t", "t", "t", "t", "t", "t", "t", "t", "t", "t", "t", "t", "t", "t", "t", "t", "t", "t", "t", "t", "t", "t", "t", "t", "t", "t", "t", "t", "t", "t", "t", "t", "t", "t", "t", "t", "t", "t", "t", "t", "t", "t", "t", "t", "t", "t", "t", "t", "t", "t", "t", "t", "t", "t", "t", "t", "t", "t", "t", "t", "t", "t", "t", "t", "t", "t", "t"]}