{"initial_reset_timestamp": 1601364441.7480032, "timestamps": [1601364447.370494, 1601364452.2901118, 1601364455.8558097, 1601364459.4021628, 1601364463.0794327, 1601364467.14919, 1601364470.8601575, 1601364474.5604239, 1601364479.8394141, 1601364483.4621608], "episode_lengths": [200, 200, 200, 200, 200, 200, 200, 200, 200, 200], "episode_rewards": [200.0, 200.0, 200.0, 200.0, 200.0, 200.0, 200.0, 200.0, 200.0, 200.0], "episode_types": ["t", "t", "t", "t", "t", "t", "t", "t", "t", "t"]}