{"initial_reset_timestamp": 1598086122.2712917, "timestamps": [1598086128.4715912, 1598086134.0349593, 1598086135.4343555, 1598086136.0166419, 1598086138.3003614, 1598086142.0139372, 1598086144.341389, 1598086148.2926314, 1598086154.1476486, 1598086158.27596], "episode_lengths": [200, 200, 74, 29, 115, 200, 121, 200, 200, 200], "episode_rewards": [200.0, 200.0, 74.0, 29.0, 115.0, 200.0, 121.0, 200.0, 200.0, 200.0], "episode_types": ["t", "t", "t", "t", "t", "t", "t", "t", "t", "t"]}