{"initial_reset_timestamp": 1597835282.9829361, "timestamps": [1597835293.4392998, 1597835298.1124086, 1597835299.175249, 1597835299.4121866, 1597835299.5044794, 1597835302.0951743, 1597835302.3674753, 1597835304.861804, 1597835314.9143558, 1597835315.3086612], "episode_lengths": [1000, 467, 521, 183, 65, 1000, 205, 1000, 1000, 231], "episode_rewards": [107.37012933927, -246.39081320548962, -704.176232743548, 35.65217954880117, -18.60036051151475, 119.79726596786178, -183.56442192190647, 137.0231184465064, 134.06836082208926, -497.59440689858434], "episode_types": ["t", "t", "t", "t", "t", "t", "t", "t", "t", "t"]}