{"initial_reset_timestamp": 1598462208.6794643, "timestamps": [1598462217.854533, 1598462226.4329572, 1598462229.0237048, 1598462229.4173265, 1598462231.8532083, 1598462234.3135831, 1598462236.55644, 1598462238.3391397, 1598462247.012278, 1598462249.1317112, 1598462251.5821834, 1598462253.4901624, 1598462254.1699092, 1598462256.7476673, 1598462259.2467515, 1598462261.2364912, 1598462261.396861, 1598462263.6184433, 1598462265.7291791, 1598462268.0680466, 1598462268.387638, 1598462269.2057066, 1598462269.440438, 1598462271.8117166, 1598462274.2707725, 1598462276.2112513, 1598462278.2934418, 1598462286.8476996, 1598462289.122679, 1598462290.8850389, 1598462293.106698, 1598462295.391112, 1598462295.613928, 1598462297.244765, 1598462297.4436054, 1598462299.675133, 1598462302.0424423, 1598462304.141036, 1598462305.204455, 1598462305.7769408, 1598462307.831531, 1598462310.0412352, 1598462312.6560135, 1598462312.9220426, 1598462315.3115356, 1598462315.4694164, 1598462316.022269, 1598462318.0118177, 1598462320.3346314, 1598462320.5857823, 1598462322.321565, 1598462324.3509974, 1598462324.6034455, 1598462324.8066206, 1598462327.058314, 1598462329.0730755, 1598462330.4214568, 1598462330.6529582, 1598462330.849785, 1598462331.2681768, 1598462333.1218653, 1598462335.239982, 1598462335.417416, 1598462337.8641121, 1598462339.8491328, 1598462342.0340216, 1598462342.209165, 1598462344.679767, 1598462346.32724, 1598462347.473128, 1598462349.5704713, 1598462349.783118, 1598462351.537647, 1598462353.3401117, 1598462355.3018842, 1598462357.572197, 1598462359.8383021, 1598462361.810663, 1598462363.884196, 1598462366.1742115, 1598462368.5514379, 1598462371.010723, 1598462371.2329068, 1598462373.5147805, 1598462375.2965827, 1598462377.1466336, 1598462377.3518631, 1598462377.5406463, 1598462377.826453, 1598462379.2465172, 1598462381.3712888, 1598462383.2224047, 1598462385.6167803, 1598462387.8257937, 1598462388.0891159, 1598462388.2394078, 1598462390.3248255, 1598462390.510436, 1598462392.2172072, 1598462394.4659507], "episode_lengths": [1000, 1000, 1000, 292, 1000, 1000, 1000, 1000, 1000, 1000, 1000, 1000, 455, 1000, 1000, 1000, 154, 1000, 1000, 1000, 279, 537, 196, 1000, 1000, 1000, 1000, 1000, 1000, 1000, 1000, 1000, 204, 1000, 199, 1000, 1000, 1000, 648, 400, 1000, 1000, 1000, 210, 1000, 148, 447, 1000, 1000, 229, 1000, 1000, 224, 183, 1000, 1000, 766, 210, 179, 328, 1000, 1000, 173, 1000, 211, 1000, 172, 1000, 752, 609, 1000, 207, 1000, 1000, 1000, 1000, 1000, 1000, 1000, 1000, 1000, 1000, 205, 1000, 1000, 1000, 182, 179, 254, 805, 1000, 1000, 975, 1000, 234, 150, 1000, 180, 839, 1000], "episode_rewards": [66.87911241844391, 58.60112326575964, 15.626338360436202, -110.5590985861239, 74.93726541126834, 94.37828606806197, 81.52563475108815, 71.7430018404735, 85.5673940486855, 26.379014364766736, 42.21352322247376, 84.74704208741858, -77.40659907737484, 34.53740878698544, 70.28460494846486, 41.55744124441106, 25.21304081712151, 57.740662568186245, -170.53253346414147, 72.98309833098641, 18.8029016317859, -293.4108519502927, 47.27865431004625, 70.99960273369685, 52.00979465307413, 51.6132194886194, 69.99002292974015, 56.44466313273555, 64.65749392963454, 74.83677790490437, 62.381441944615965, 19.475348374938854, 31.78539752812725, 26.451383617601742, 41.84337342160069, 12.616937311130728, 55.86200905718372, 83.67453420715191, -147.5838275273291, -356.542340421256, 34.78410546785781, 45.13351661264447, 61.28820048663518, -256.7182066633164, 41.58950226710119, 40.211609814395786, -25.447956956251332, 59.61624340388042, 42.789959535756424, 29.62305754496785, 72.53117420520968, 73.97800358936989, 49.71608964977784, 44.409565735027144, 61.5406810186485, 51.89942834755017, -217.8705628340095, 49.24187696946137, 14.453708733154144, -119.7487839005171, 54.12656027168476, 57.84164128121259, 38.62458510724707, -112.46303904940751, 35.25176837770658, 9.360956363862234, 50.562903530830994, 40.75566214492094, -267.1547081896365, -500.50446527782753, 45.51136443340947, 44.9034054734972, 87.19616699399968, 36.83436142068092, 82.33936798208404, 20.899252623922813, -3.3173300263770864, 9.322813971958112, 66.39042274515683, 63.69540054434616, 40.7963927087318, 77.67754830094216, 25.22169136802509, 86.8772089574756, 98.09199132839535, 83.93972040630996, 49.731556217387634, 11.719732743502234, 71.30576523895564, -249.28855186691888, 71.77927052177962, 52.63345113014041, -508.814082456658, 60.93590517177521, 30.923977763525016, 35.44787566300894, 49.613654414434485, 15.082532755624428, -357.39674510808914, 81.59993399285807], "episode_types": ["t", "t", "t", "t", "t", "t", "t", "t", "t", "t", "t", "t", "t", "t", "t", "t", "t", "t", "t", "t", "t", "t", "t", "t", "t", "t", "t", "t", "t", "t", "t", "t", "t", "t", "t", "t", "t", "t", "t", "t", "t", "t", "t", "t", "t", "t", "t", "t", "t", "t", "t", "t", "t", "t", "t", "t", "t", "t", "t", "t", "t", "t", "t", "t", "t", "t", "t", "t", "t", "t", "t", "t", "t", "t", "t", "t", "t", "t", "t", "t", "t", "t", "t", "t", "t", "t", "t", "t", "t", "t", "t", "t", "t", "t", "t", "t", "t", "t", "t", "t"]}